element,f_bus,t_bus
d0b86178-1660-4548-8edf-587bc7541edb,2536a97c-93a6-40c2-bee9-b9286af3c78d,768e4132-0c7a-4336-a534-0a89d50f9f5c
353d8174-b374-4fdd-a8c6-9dd83fb996cd,2536a97c-93a6-40c2-bee9-b9286af3c78d,168a4ab5-1ebe-4413-8280-11fa0aec874b
31a845e4-b983-4ab5-a886-683ef3fcc25f,7d839960-d819-480a-81b4-bc569eb86cd9,7d055fe2-d18e-457e-842b-6dec36228529
beb91b23-dd04-45fc-865f-65d1d486bf5a,7d839960-d819-480a-81b4-bc569eb86cd9,4b850999-e312-4781-ad30-ded6970bddd5
3e1a457e-4667-4c2e-88c5-42f6658e90fe,ee4c21e5-7ac0-421c-a259-1a5c6ee1f074,984fd48f-758c-470b-88e3-fe19b3d9917d
e262419c-cbca-4223-b4c5-a4da2c83f137,7d839960-d819-480a-81b4-bc569eb86cd9,154ec544-94d1-4a1d-a98b-ac168c6888c2
adf62bd8-8dad-460b-9f5b-b43a929e6258,c69fd4c4-d142-4bbb-bbd1-6caceec1dbae,7d839960-d819-480a-81b4-bc569eb86cd9
a87e2f95-0a16-41b9-b516-7d53034f1542,f14dcae7-b3cb-477a-819a-628d94bc4b9d,7d839960-d819-480a-81b4-bc569eb86cd9
957de070-0aa6-457a-a231-ea05b9a7d9a9,eb8599e1-aaf8-45c5-88cf-833c1ee93168,4ad4ca3e-79b2-40f3-9a05-69b47e61f6df
6b611a82-8166-4d30-9f54-f9f825c68991,513aca61-dc6d-4b90-9d5a-84d3ab2fbb30,d2d8cffa-ff54-4d49-92a3-d8f5f001e8bd
4d8d8342-bca9-47ca-aa97-3b7115c9715f,d6d05d50-1333-4efc-b539-0b6f59613c4b,5fe27b8f-3041-4a41-8280-fcae1cf477bd
c28f09d4-41e3-44fe-b48f-c8de71beb22a,d6d05d50-1333-4efc-b539-0b6f59613c4b,cbb4f5f1-b3fc-49aa-8be5-61499affe20c
7f3c9570-16ad-4ce9-8a2f-34df7304cfb9,1a28dfd1-8d16-4968-8ec7-0118cf1ab5de,fc67afe8-4c24-4440-90b6-68f9b6d7e3ad
d94bd698-7b7e-4fec-a3d1-ce09121a5da3,a6b714dc-1f76-443f-a8ca-14712433ce28,4d0e72f4-ae3d-48a6-b054-900f9127ec7b
fa5f4cc9-f3fd-4ff8-9d28-063923fd24ee,cf05e457-8878-41da-ac65-0e7a66572aa0,9e69beca-2ea0-4c46-b7ba-cf7c989f520f
51ed5b71-13e4-4ad2-b196-66f088f48ebf,24923dd7-9186-4c1f-b6d9-0c95ab93e523,cb7ae2aa-028d-404e-ba6a-eddd62d4613d
8ad82434-0393-4ee0-b64d-9b5d8e0e3fb5,cf05e457-8878-41da-ac65-0e7a66572aa0,6ceeb2a3-a283-4308-a9ea-85812f93d267
29e6a02e-7a43-4916-9581-7e2560f7a437,2f91c9ed-6189-402e-8e39-032ad3a952fa,e67237fe-8b3c-47f6-bb85-f516ec3bdad3
dd12fba1-fc0e-4957-827c-44c6b2e27a02,c0d14868-c734-4464-b8ea-59c10112fde6,0311a2f8-08f9-454b-b487-d9777dfd76c1
cdbe96d9-b757-4864-9703-6021f66b1c79,ecb358cf-5bc9-4ef4-a064-a53dfed767d7,29c49acc-ad27-4497-9909-2cacc92218bb
4f2b2f89-c8a3-449c-bda4-393c51af3907,22b9b448-df33-4f72-a118-f640a8f1c1a1,4c6fd8c1-ed52-4e7b-b5a6-d9acd9b0a9cd
e4cee942-8b62-41c0-aa19-0b834d3a4cfe,cf05e457-8878-41da-ac65-0e7a66572aa0,1c250caa-8827-48f3-8218-c43afc5024d2
b0f34636-c8bc-46fe-ab1a-ec620ec0a0b7,cf05e457-8878-41da-ac65-0e7a66572aa0,33d9e91d-c283-44df-b15c-8f1b53e63dc5
c647f397-0725-4e54-9288-49c73fc88a5c,cf05e457-8878-41da-ac65-0e7a66572aa0,464aafbf-a93f-44fc-8a1c-eeaa7930f7d5
a32d70ef-5f8e-4f70-8ed8-631ae02e85f5,1d2c3827-8a04-40c5-a939-f8ba397f4899,995072bb-8a89-4582-b4e5-8f850b2830ba
8a6272bc-38b2-4e5e-8d0f-9f18aebc0f72,453cae4b-62e5-4e65-950d-91f9503cc890,811f3c85-c20e-4bdb-919d-5e1e59d1e485
90737a0a-7f5e-4889-b4af-24ca4edc2b11,e0668f24-30a6-4063-a1ab-de8118238bf5,5165f4f5-89ad-4902-b9dc-77f37c27cb75
542486cf-c911-49f9-afd7-c4fdf13ae40e,be7b12fd-d8ea-4708-9f54-56ec2e535a89,6cae937d-aa35-4c5a-9073-ce2d6b9ad639
3542e8bf-3cb6-49c6-a81b-c0cd6bfccd9b,be7b12fd-d8ea-4708-9f54-56ec2e535a89,f293c131-0c69-436a-b1dd-b0b47cbeea0d
2db7b294-b51c-400e-98bb-a1c7dbb73d3c,be7b12fd-d8ea-4708-9f54-56ec2e535a89,08757c3e-eca4-4276-9d75-b289df03962e
f701e653-68f6-424a-b7b5-4e247bfcbeb0,0ea1f18e-c324-4c5d-a93e-40aab447b413,3f6dca2f-f66c-40cd-868d-ed5438030947
25e9437a-83c9-4c2d-8366-5141c9b0242f,0ea1f18e-c324-4c5d-a93e-40aab447b413,c8cee6f7-8da4-4f41-a557-98fe374fb102
8ab77921-c495-4904-a25d-62fe63260e0c,0ea1f18e-c324-4c5d-a93e-40aab447b413,f23c4e01-723b-497c-9a22-94d5c350348f
2ee1e45b-b9ce-48b7-929d-f7cb8e0401c5,0ea1f18e-c324-4c5d-a93e-40aab447b413,800a9644-d963-4413-a526-d574ec8f839a
b8bbe2fe-a359-4c61-bd27-6e541e753156,0ea1f18e-c324-4c5d-a93e-40aab447b413,c9a68e37-fe86-4cae-879d-eb70fd5ac4c8
fd3c1864-7e6f-490e-8543-340910e8d463,0ea1f18e-c324-4c5d-a93e-40aab447b413,f292f1cd-0f49-410f-9c4a-90f299a0f373
d3bbd25f-8109-44ab-a528-7804503bbe2f,e8665b16-1b9b-41c4-8229-0cc33143b6a1,6184927a-150d-4131-817d-ff0f1cbb6732
dbf1b2e5-3d06-4f0d-8098-e985aa986e2a,e8665b16-1b9b-41c4-8229-0cc33143b6a1,5d5788af-f33c-4ef6-863e-a4d063df6c8b
45d729ce-dd5c-4724-a6b0-75606f98e833,f56d668f-9655-44e1-b2ad-394127b489c7,e04200af-9e51-4483-a08b-75b80b16d8c1
1ae74adc-c31f-45aa-b8a7-02f309394089,fc3ecfac-954e-4755-91c8-6715f27b7772,468e4a3a-fbb5-46de-9cd1-1b1469a66386
f528a7d8-c13a-4fd8-8b38-bf0c58b1582c,9dbb5350-21b5-4d13-bf34-4cf865cc7c83,ec6e6569-7fd3-422a-a1e2-fcdca01e65c6
f945614e-a01a-4a85-8423-c4fc39e1b57f,b9c06e8d-f6f9-4ccb-b1f7-effc45ad840c,7f5ff126-2ecf-4106-a51d-754ced510b55
d3aa6013-1f58-4053-8bbf-05389f36c844,73eb9ee5-1319-4df9-bac1-8c0b86d27a9e,1fb9e745-0d21-4c05-ae14-39a11dd2917a
9d2760da-141b-4766-a5fd-4e5c11ffe9f5,f82a8dd5-dbad-46e8-8744-a469ddf2a9a4,61e3279f-4bd7-4e7c-8a31-0e14c28912da
24adcc2b-834a-4001-b137-c3d7f3195169,4bb15071-5ee3-48af-bfce-fe4f6f64d4d3,36c78b2e-f85c-42e1-846d-06373e700a34
009078c7-7c88-4b7b-9a8b-90dc57f0dbe8,0a9cd5e1-3573-455c-a432-14fe5ec587c8,da6069ad-e5f6-451e-880c-e6741ffdb4d1
60d9023b-7c88-4d3c-982e-7e2ef360d53d,4bb15071-5ee3-48af-bfce-fe4f6f64d4d3,4cca5e8d-6052-4d45-a596-d135fb67e2e1
14239d8d-57a5-4a90-ac6f-1cbe5c526a90,4bb15071-5ee3-48af-bfce-fe4f6f64d4d3,e337b75e-95a8-4695-931e-626bc05fef04
e10c7886-941e-4a39-a54e-acebae23aae1,8ea910c4-280d-4499-af6b-ace67ee0aa50,3b3b1a10-b221-4875-8b93-63fc24d5054f
6b457ea6-a3b4-414b-83f8-c5a83a6fe10e,3a4b104d-8801-49f0-8a30-ea4485e0f452,d6d33d2b-972e-46ce-8403-ea74487a43e8
b3030970-2dcf-4a60-9a71-83f5ef690a20,02701724-420d-4d9f-a87f-ec7330c39036,500a9269-b908-4258-a68f-e34f5a79eeac
5a5c792f-5aee-47ca-a89c-bf981de88daa,49e56cb3-0ee4-44b2-bed7-a0cac4434456,1ab313a4-b29d-4b5f-82c6-0f16668120d3
1a4f6e86-1417-4557-b9b7-3caa62990d81,1ab313a4-b29d-4b5f-82c6-0f16668120d3,a9138a90-b4c0-4176-9f4d-efa7d2aade77
a1a98325-eafd-44ae-8257-d495db66c95e,4f26757a-b3ac-4d7c-bbb9-e1581f06f5a8,be2fa1f3-d36d-49a8-a9a2-22814e318032
b32b5d38-461f-4f70-b54b-8ca67b2be895,8fba35b9-7908-4c6a-8619-86dc9a3edc18,deae2457-2720-422e-bee8-5e49136ea495
bfdd26f3-1f18-4e4f-86d7-3691f8d17055,e250f138-e10d-483e-b9bf-40c23b2f4c76,44878da3-a4c6-4113-a14f-0bfc7204f55a
c12348bc-7e67-4ac7-bd88-c282999e7dd0,d2a8a310-0ba4-4030-90a5-02c5dcac5c78,e07b0a0b-39f1-45a5-8d5f-1cd45004fb71
f13b0afd-caf5-4dc5-bbe3-a5e60425964d,ae766a5c-a1b5-4b33-8921-faa2f469778f,1b85f963-bdba-4ffc-92bc-296c9dc22a27
3e3c0638-0ccc-419c-8cc8-566864a6dda3,e7610181-698f-45fb-976a-f53b76ef6c47,37a285ad-9226-459b-9c66-cedd5dbba63e
36ba6b08-81f1-49a4-95b7-324de840482e,36083025-d959-4245-9a94-896ebf5de4bb,17c34225-9db3-4ef1-ac1a-dc331246a844
48ea4cb4-3eb5-4625-bd64-6ba6e44e7b58,92040618-09ce-4bd0-b51a-bd920d63e070,022167a8-b0cc-483e-a60f-17cbf861752d
236495da-821f-4b1f-8be9-2cfed0ae1e6e,82f7ef68-e1d7-4250-bf27-1479dc8cd6cb,22349bf6-4a56-423f-abb0-6ebddaa07e96
c7fda8b1-5169-47bd-b916-33f5b2b89f20,c6b17c3b-71b8-4110-acc5-824b558d478f,33b273e8-83a3-4f81-bf87-4bfce08723b7
de659bf9-8955-44c1-b050-002f8816dc40,4b3dfc29-254b-4271-a19b-38572ce628bd,65e26d4b-922d-4672-b0a4-e1cfb83657e6
55889f1c-bdc3-4ce4-8ee2-6aff63206ba8,4f26757a-b3ac-4d7c-bbb9-e1581f06f5a8,fec3ac29-6ccb-4112-938a-4512060ee554
ab751639-ffc5-4309-82c2-88ee2a382e0d,4f26757a-b3ac-4d7c-bbb9-e1581f06f5a8,afa84c0b-0058-49a9-b258-738997c5b4bf
505b39da-6359-4a4c-bcc3-1cd866a454cc,4f26757a-b3ac-4d7c-bbb9-e1581f06f5a8,dd50757e-8bcf-4a69-9472-eeda72f69d53
98ada5ab-77e6-4848-8014-1955be9b1538,8c39cc76-c6cc-4a07-bef4-e32be176d88a,68830fdd-42e2-4076-8cfd-c31e3d1b5d52
1caa44df-6c42-4beb-a29b-1df62e3bc56c,3a4b104d-8801-49f0-8a30-ea4485e0f452,0a9a2b82-5007-46b9-93ad-07310fbec9ea
6bf54c4f-197b-483a-8850-3e797d126893,73eb9ee5-1319-4df9-bac1-8c0b86d27a9e,858c3da6-f180-4bda-b5c9-7da5ccb0a192
0bfc8be0-0c39-40f4-808a-4bcc0fce5dda,6cac6fd9-ffec-4fbc-b934-3a75ab86a551,08828f3a-86e9-4ff1-a9d3-055761b59740
4ed4c921-6784-46b4-a9f8-642cbd817590,6cac6fd9-ffec-4fbc-b934-3a75ab86a551,98710cfa-b89f-48bd-9ab2-e590b736f247
5eb349f7-60ee-4e86-9614-2a0f556c8ef9,6cac6fd9-ffec-4fbc-b934-3a75ab86a551,4419d91c-693c-4719-8ecd-46748975d38d
c36308fd-b398-42bd-8e93-65bd01572677,183e7a40-b164-4e0e-a575-b0fc8257ab94,1be66bf7-120d-4b98-b08a-0c3468472db6
956131d5-d5f4-4ef3-b886-bb1005f098bd,183e7a40-b164-4e0e-a575-b0fc8257ab94,ce592960-8e73-4376-a52b-8baa49007282
c726b65e-88b3-47ab-bf87-15cab3406210,45d5e0d0-8273-48cd-9d52-0629c4f31601,910aa699-7091-4e97-9725-f09960b535b6
2af911c4-e618-46b7-8b3a-f12464cd6597,b72a08bd-f3ff-47ef-845a-51fe07863f43,4b6c7453-717a-4566-bd86-a4679121f166
6cf32706-fea4-4558-931e-42323ba675df,cdcfd5b3-72c8-4066-802a-e513df5543fe,c5f0ea3a-b409-4133-b234-2982d97bccd1
e57fb9e6-ef0c-48b5-9268-bf3df7468710,02701724-420d-4d9f-a87f-ec7330c39036,0239e317-2dfd-4b85-a32b-421a2201a3b4
b6632f21-1e72-4632-b35a-25d3c3d62980,4b3dfc29-254b-4271-a19b-38572ce628bd,2c395948-95d4-4592-9a97-209c4caba547
a2b44cb7-a546-488c-a5b4-c556c41b57b4,4b3dfc29-254b-4271-a19b-38572ce628bd,196a7144-b923-42e0-88bc-9cc94f34fda6
d93ef533-92d6-4942-8354-85aa885af29e,9eb75c2f-a998-4fa6-8070-68e656988f15,52acfc35-7641-4265-9963-3056c2b4cb80
3dc288b5-90e5-48e2-b59d-2ea86595f016,9eb75c2f-a998-4fa6-8070-68e656988f15,542a46a4-abf6-4c0c-a49f-38cded29cda1
524ba05c-93e3-4dc2-ad92-15cce70e08e7,033943ee-9f6b-4ffd-8cf5-a4135594b039,7a61aa88-809d-4e03-8d5d-a24d1833d428
fac06de4-53ab-4d8d-bf4a-3b3e9e62c8e1,eb70817d-68f6-408c-b3a5-9c3f5f57028a,9740dd46-600f-446b-9557-77fb45f1b54e
1b3a3ebb-264d-4c2d-be0f-8ea6733190ed,2f73e808-97fa-48bc-a87a-78a60db0115c,de2f3c92-beea-4bed-9f73-df419fe93861
446d8700-5deb-47b4-8db7-3c1aa1d91d23,185b0de4-f7a1-4e38-96ee-01aac94d9e9a,8617bdc5-855b-48ff-93df-a2353bade794
9c1ab851-8e3d-4f1e-b63f-f98de5a50490,185b0de4-f7a1-4e38-96ee-01aac94d9e9a,f6afbb40-24c4-427e-b5cd-7ac2bf679470
fd928c03-1c6a-401f-9118-08bf8cf49029,5bd579dd-ba14-4420-9d77-6857e0ba1e5e,54f294f3-a797-4357-ab01-d7172da78429
b8353d95-8507-41d0-8d5d-c86175098abe,5bd579dd-ba14-4420-9d77-6857e0ba1e5e,9797b9c7-d4b5-408c-baad-0d99b127c4b1
81a2b919-f5b8-463f-8f6f-496d201d49f7,3f2b5c93-44e7-42d9-8628-53c5873c2386,26f82a75-1c88-436b-a501-6e4f26dfb4ba
b3e1c963-b05b-4e26-ad34-62d1d2463771,3f2b5c93-44e7-42d9-8628-53c5873c2386,aac1369b-333c-41e3-88d1-271b99e09f15
5a2145c1-2c29-46c6-8ec0-321d6a2e862c,3f2b5c93-44e7-42d9-8628-53c5873c2386,fe21d8fb-c8e9-40c7-bf0d-e5a7c03eed2e
92b4e3dd-5dff-4af3-8ce9-67ce78782aea,821ed070-cc6d-42eb-aa29-f77e79a55f11,f16805d7-f7bb-4983-9489-6e1546626fa4
5b410dd4-891f-4d6e-b1e6-4682939c8c01,d2a8a310-0ba4-4030-90a5-02c5dcac5c78,8e7052c2-69f1-4912-8ff4-ceffe7e7ad53
77a519df-d050-447e-a3b8-d90feee9de4a,36083025-d959-4245-9a94-896ebf5de4bb,395a6ada-2b04-41ce-8ae9-ed0b0b6968ee
1abc69cd-1d80-45d1-b7a5-39be32c21f1b,36083025-d959-4245-9a94-896ebf5de4bb,09c0373e-e1ec-4c41-b705-0fbc5800dc8a
1b82bda3-002f-4014-b300-a31dbfc36318,36083025-d959-4245-9a94-896ebf5de4bb,2e2075da-bd30-493b-8d4d-e79bebe3de6c
dd10e0ae-8828-4d97-9ba7-d88809f8e873,36083025-d959-4245-9a94-896ebf5de4bb,fde50770-05d5-4a91-b711-bc6e90c25f75
c4aea9de-e1f1-4af2-ab21-728298faab2a,36083025-d959-4245-9a94-896ebf5de4bb,5ec4b2b5-c733-4c63-8220-ec92fd338010
f6325410-963c-40b8-8008-e33fcdc005db,36083025-d959-4245-9a94-896ebf5de4bb,af053f2d-c8ac-443f-aaac-fba5d0e3035a
24df0112-2a4b-45ff-a6f1-fc3bfe967c6e,36083025-d959-4245-9a94-896ebf5de4bb,7ba42470-d676-4d8f-8213-c56eaee884a4
7657d571-d6f4-475a-98c7-739d58323874,cb1f6b58-e2e1-4cdd-a7cc-2cbb3d8be4a8,7d8629a4-f9e9-4ed0-8729-f1e5b34b7fca
e0891040-28bf-4bfb-b019-44b6f3c424d7,52abf46a-bc0a-4465-a3cd-05c24ee46920,a16d5742-7604-4a1b-97fa-6e5f22500c40
6f746faa-2f18-4892-8f1c-7d05d8e4d08e,92040618-09ce-4bd0-b51a-bd920d63e070,088f2802-3765-4f2a-ad27-4003941acd17
db1aa68b-6d10-4eb6-b497-ccf32afe59ba,62780505-bc31-4869-b979-3f37b08ff55a,4fae84be-0ad2-4773-8805-aca047d7e4d6
8634017c-5f52-4480-bfd4-2423a058f51c,afb04dc5-0da7-42fd-a62e-83a4d2fa7e63,e116d3dd-2017-4297-9f35-54f5b1180f05
a2b52ab4-829d-4b06-afd5-8377eb5196f5,e116d3dd-2017-4297-9f35-54f5b1180f05,6cf228c1-90c8-4b96-b88f-22d0a7421c5b
cabcefe9-4398-4648-874c-cd13f25c965b,e634dd91-a8bb-4989-b9e9-12cf8e744bef,af1a1e63-2c0e-45ea-bdab-bddcbd8ec9e8
b381fb5a-14ac-44f4-b797-ad72641fd4b1,22c60bb3-0edc-48f0-943b-cec96994246e,084f3feb-2196-42b3-88e0-81e1d6b2b44e
bb31a25a-fa03-4d84-8ded-44f37bc8319e,a050e039-2201-4c7b-8b16-4d1c1ec07207,992ef0b9-1c36-4967-a860-89660d4ed456
0c97620b-a211-47a3-a2af-f0e675a22eb7,c0f32266-91af-4e82-ac9c-21ca1ae280e4,16fec645-91e5-4335-a829-7423ebc6b45d
071c4847-101c-411d-9259-4081d6bf96fc,7c5bd04e-1145-4615-b00e-60c5f2c4751b,2df058a9-45aa-44b3-8cad-3fe5e91088a6
4ef788b6-83ad-497e-ab01-42f14ea6de31,9c24cb45-a43c-48ee-baca-fdef0dc71cd6,accd5dda-1ffe-4805-9720-20476c415b58
4bcf8826-690d-4290-b233-4275e088172a,da89ab2e-80d4-4fce-9142-88082bd0d92a,d1820eb7-e97a-4ba5-a1a5-372ce564f23f
155f5f11-30c0-4af0-872b-821118bd2246,fc9ae8c0-7433-4354-abda-e98e158b93da,055c88b9-4954-494c-9095-dde023a18b3b
f1618c85-ccc9-4639-b7e0-1c7a413dcced,3d22dbca-283e-42d9-a318-ef4e450a7495,faf17826-3b18-4f15-89b2-06e2ba4ea621
1a504213-4345-4451-ac36-f19a35d52816,6de7f3a3-ac70-43df-9efd-e1c784d2b385,a608f365-e80f-4ed3-8b30-3ff4f828a343
6782ffce-71a5-4946-99cf-318561ae6c1a,99a315a4-1c07-41bb-abf6-925a9e75899c,a4df40e1-c7da-444a-ba99-4d38823b52d0
7c33d6d8-0e65-4e22-99da-470320f18124,3d22dbca-283e-42d9-a318-ef4e450a7495,ee652bcd-3357-4b57-b22c-ec805cf04792
8e06b444-b9cb-442c-b835-59a67727bc9b,3d22dbca-283e-42d9-a318-ef4e450a7495,99b51e29-7029-4bfd-a3e4-1cf876edf8af
669b11ea-92d1-4c4a-a83c-6270a0728312,ed1ad337-e28f-4cbf-9ff7-cdfee0a85a7a,63c1c5d3-9f3e-4178-a1fc-817a485f605e
15943fbf-d8a5-4fe1-8c73-efe766dbf2a8,98e22f79-fb1d-4437-b607-74d7d5176438,2b1f5030-3364-4df8-a9da-7aafce779110
d0489967-ee7b-4cf4-85d4-d8c03fd14bf0,d08afec7-0578-4dc5-8e7a-0a2c1b8d5ad2,2e4c9f36-7773-46ce-b9d0-ed1b9f289281
57930cfe-1c94-4eb0-9ec5-744cc47286b5,b49fae4f-b286-4eb8-8dda-70ab029c7ca5,538a2565-6fe9-4e61-9ef7-ed6f544effbc
696dcb48-6939-49b1-bcec-f5f663499367,42806b05-d840-4475-896d-e8c1b1148e88,11d9cd71-0678-475b-b730-93bec94354ac
d8c18e06-cc18-45fa-a49f-f84ba473a865,456568aa-1450-4e42-bed0-5c1b408a2e83,06c66766-dd43-485a-b6a6-25817bf6bbea
b73ae394-77a1-47ef-a47f-e2b99383b205,d755fdf8-0f09-46a4-91e4-c39a9a4c3800,caf79ff1-9def-427e-accc-37b1d1047648
ced0047c-982c-4f13-88c3-46211d17ef28,2f61aa49-1fa4-4d21-907c-87d55e5e7f45,ecb9b0fa-7f07-4fa8-bfcf-42bd2bb6bc4f
098d2510-6928-4ce0-87ce-6dce862d25fd,e50a1786-c11f-41a5-925b-0bc8539aad36,89be91aa-f1e1-4144-9962-c6eacf0e9ffd
5e552095-7288-4f10-bccf-6b4ccc6121eb,91f95716-a202-47d3-836a-517244d383d1,ccc9b742-b982-4781-8434-e6b9d3fbdb94
1a698899-47c0-48a4-b133-64e4f061d501,2f61aa49-1fa4-4d21-907c-87d55e5e7f45,6442778d-7948-4965-9c6d-2f3238676026
1759c186-36cf-4ab0-9059-6724ac992541,e50a1786-c11f-41a5-925b-0bc8539aad36,45352e53-860d-48e0-89c1-9d772741c834
dac166fa-601c-455d-a523-dae4977d9875,e50a1786-c11f-41a5-925b-0bc8539aad36,c1b4d728-b3e3-4576-80c8-c0ce9ecf2feb
d07be1f0-ded1-4c8b-bd9d-3bd08053c647,9c24cb45-a43c-48ee-baca-fdef0dc71cd6,40d5f305-1ebd-4bd9-adf1-3a66337c04ef
c266bf41-a72b-49c9-b760-7d4b57f9b389,696bf6ce-b4ee-4a00-80f3-6bec24c39e9c,2aa39645-522d-49d9-89d4-f2ecf5dba762
d181a6b6-6727-4392-aefa-47b32fe0dcac,caf79ff1-9def-427e-accc-37b1d1047648,107a9fae-fd66-4fe7-9acc-cdc5417f8494
45bf7684-a4cf-40d7-a361-9553a82784de,caf79ff1-9def-427e-accc-37b1d1047648,d3ec3379-3e6b-4c02-8c21-64d457dc512f
e0868722-1454-4245-9383-4104040ef2ef,caf79ff1-9def-427e-accc-37b1d1047648,ea17a284-29c5-4805-9926-5c9b3f84603d
4123508d-9617-41a2-898e-17d66589cc47,4b2fc373-0079-4db3-a7af-67fe23256845,a38b0b68-6e25-4be6-ad14-79edf49852e9
18bc10cf-8210-4715-a60f-666ffac9aa99,903c4a7c-f485-4db1-8bdf-f7ad63024577,56c0b65a-5e36-4123-bfd0-ac40d95406cb
1ee5a57d-1892-4c29-a140-ac479e5f1939,6cd7e9e1-55d1-4039-984f-1e8412dd259b,f246e8f7-7ab4-4fd7-b5cb-b793ca660a4e
c4d5b11b-71ab-4e39-a814-b72a8feafbfd,f7cb798e-7f80-49d2-9e10-46e10b9919fb,798bc856-abc9-4533-9999-eedc2029fed5
cd00183f-b12f-48fd-99f4-ebe58013c22f,9c24cb45-a43c-48ee-baca-fdef0dc71cd6,620b5b75-c4e5-4566-a3ee-0d62653d62d1
07ab97c3-96b2-4775-a9dd-ea752880d2bb,6a1d67ff-9bf6-4f47-92a5-4deaea63a101,29fde50d-979c-4344-8cb6-2527c8b72a30
46ee0acb-0513-4fc0-80a0-e0b0c497b90f,976ef265-95a0-4a71-9e09-15ccfd422d68,fb65c7c2-8016-4af9-a65b-f6fee5069fbf
87d43bf1-fab7-47e3-b0ee-75eaf443b56a,201682be-19ff-4099-a89b-ba6956da29c6,9112850f-4bfb-4b83-a481-b52a36920a4b
07f46356-64a0-49cd-ba9a-e26efddf61a7,9112850f-4bfb-4b83-a481-b52a36920a4b,bc5411d6-c1cc-4be7-aa52-4790176805fc
e74e7c15-7493-4273-82da-67a4798d07bf,7107fccc-91b6-4fec-ac72-d0abf1337263,9031f9e5-5e5b-4c1f-98ca-013965189569
17e444d4-504c-4772-86c4-2fba9e426664,53318a8b-614f-4078-98fe-2fadc478b962,2f0d5b8a-e035-49e2-acfc-e2705f8c75ad
a188a6dc-017c-4c0c-a504-78c53e0545d1,85d9825b-d4f3-41d4-a4a9-55b921c0fc23,ecbcea8d-9c64-4755-9360-e9ea7c1f1da5
a2ac4162-bcc9-4eea-a6c2-728c83359723,85d9825b-d4f3-41d4-a4a9-55b921c0fc23,1b3994f8-75e1-4d50-8e55-12d02b06dbca
58cc28c1-2a71-4464-944f-e2efe1cd4c7a,adfb15c4-7ce1-43a9-a2b9-2428fc17cd73,5a98eac5-08da-4a47-9f5a-cbd9179ca2d5
9fde27e9-5a78-4d01-a295-87df4d152453,00d2e7cf-49e2-4b14-a92d-3566d0196bc1,c5074fa4-a294-401d-ae16-b5cc1459377d
f2419f53-8f77-4f4a-9bf0-e42dd634e6a0,991d7be4-c4d7-4fa7-96e9-90d172407d67,5a2d7ccc-25ba-4998-a57e-d7f5e04ac972
7d690c4b-2ce2-4f98-bc34-c351be2a15d8,07b85de1-d6d1-414e-ab54-c79dc759a249,05c9f3b1-6f7b-4d3a-8276-12e169cce8bb
edd94178-971b-4810-8123-f3141864f142,07b85de1-d6d1-414e-ab54-c79dc759a249,aaf8e516-a9b1-43bb-b7f3-dd1ae23d536c
0bab15ae-daa5-4dd7-ad25-0b579ca6d9d3,00d2e7cf-49e2-4b14-a92d-3566d0196bc1,132f94b8-658e-4acb-a76f-903117e58b2d
47a8f1c0-2c7a-4db2-9323-03fa0f316b48,afca63e8-d6b8-41ae-8157-758686481655,4b29f6a8-99e9-4287-913e-4905a8a2434b
5a1057dc-4039-4d3e-a5da-04a56b8af355,dc2b30ff-b88b-45be-bd9d-bfc7eed772e9,0297cd02-8e6b-429a-98eb-cf73bc9cce79
a32c3749-a431-4fc4-9a22-7340439c22da,802d6305-d5d3-4c82-a1fa-c1068a41a1e6,8aee28b1-d380-4a22-9fa0-52201e2251ba
8e380077-3c52-4953-98e2-c450a7976f82,dbea0aa2-cf0a-4389-bf60-cf7daf56e36e,413f0cbb-28c5-4cea-8bfe-e70f84e88774
62915657-5027-4a88-a945-387b43668fd2,aff9ae03-f537-453d-be57-85545d5e1aeb,2511c2c5-023b-4956-a202-7e38f0bcfb5b
5a80c419-068f-4249-95ec-963f6ec5a696,2a334c7d-a0c7-407c-ab21-b5d0892af0b8,aff9ae03-f537-453d-be57-85545d5e1aeb
1947a493-dec2-4aac-b2a4-c00385b9c777,aff9ae03-f537-453d-be57-85545d5e1aeb,7343ab5f-7c5c-4a01-a66a-d6093b93b6bf
2fa1866a-852c-4646-9813-e44d0379d476,aff9ae03-f537-453d-be57-85545d5e1aeb,71c009d4-cf4a-4ac1-b361-3b81e734dd1e
e81c0980-b175-4285-8e46-a408c433cd8a,1204e52c-914b-432c-b228-e8246bdffd5a,6e179987-13c3-4b63-be96-f43b64d9d651
b29037d9-1409-4f60-8701-787f471a9642,1a4226f9-939b-465d-8549-f0b77a7541fa,44bd1e61-382d-4f56-8233-cd33bb9e41e7
57f2cd01-e4be-4ace-8537-1014dd304e44,bfa5c803-d36a-4b21-a268-b0f8da1b4c0c,a2e46993-da9b-4a84-bde9-a387d0398af6
2b8d2677-4ed7-4ee8-a32f-3430923be7fd,bfa5c803-d36a-4b21-a268-b0f8da1b4c0c,0eaa99e3-7c9f-4416-9115-f317f5464da7
01949dd3-5146-4e88-ad5f-5df8ef689725,bfa5c803-d36a-4b21-a268-b0f8da1b4c0c,989baa47-f9a1-4d58-92c4-f8bef50b7eb0
b26ff27b-ce6b-45a6-b4e5-c9d33e7e6cae,4ef53948-8bcd-4c4f-809c-e10a5a2ac4ad,93fc5fb0-6274-454d-9a69-c293ea304a07
ea3ba700-f162-42d9-a4a6-aa54364fb8ff,aaad8aa4-76c2-4190-b895-2cd2bb03285a,d8449ef6-5d7d-4015-b3f3-700905d55a70
5db73337-9f6a-48ca-8962-64a4884c8c7b,275cfe79-5850-4e28-bb93-b12508bac6e8,7066fc53-48ea-4ed7-b17a-b7892ae73bd4
79e084d7-0105-43e1-9e34-d38d15df1006,40e2987c-d03e-4246-8d6c-07242898eb9b,35f111b8-72e0-40dc-8f74-911b18c3713b
ec150c8c-0e6b-40f7-a63d-dfe756024fd9,5455280f-b8b5-49bc-a429-ec5a5b05322b,c9909651-6be4-4ebc-a532-e5686b7b9cca
dcd3e289-d86a-4a18-8c11-7f26291d0f7d,d33e9d88-7446-495f-8e47-72017e32d1a3,7d9c599c-5ff1-4010-bbae-e442c53cdf6e
7556e7e0-b0de-4c2c-9992-99a96dc34d3e,dcceb7ff-038f-434b-b492-49e313e99b87,61cc2106-5705-42a8-91f7-b2c7eceb4fca
f62a7fa7-6445-49c1-87cd-2b5f1a9fc4a9,dcceb7ff-038f-434b-b492-49e313e99b87,61cc2106-5705-42a8-91f7-b2c7eceb4fca
fb7d6b67-0683-4f9f-b61c-d8cef077a562,7d9c599c-5ff1-4010-bbae-e442c53cdf6e,d33e9d88-7446-495f-8e47-72017e32d1a3
4013a1af-098d-4891-9547-6cd094b259f9,f9314ae6-1998-4eaf-9d3d-a07d884fc279,bca0294a-074a-4799-bfd0-f54276decb03
1ce09dca-a264-4e2e-ad56-00538ea7922a,d1188178-f3c3-49e3-82e4-a1f188344b44,4da0050a-a51d-4197-937b-cc573b277c50
1ea2e05c-ab17-42b0-a0f2-892f7aadcd46,f5cf04ea-380b-4906-971d-ba9a9636e3fb,c7f071dd-33e1-459c-ac9e-5852a18e76a5
ea34e616-6c63-4560-8b22-8a45654f9b0b,035f71dd-79c2-4b59-b11a-993a3753ed32,8a8bc315-e3f3-4eee-a582-69151498655b
b98591da-6d88-4eb6-b7c8-149b7e59b878,658681d4-578d-4b9b-b1b2-cb965abad66b,adf2832c-d37b-49e0-a4fa-da519c876d44
12ca2bf9-ebc1-4052-bd0f-9a9913b9d01d,1af6490d-7992-4716-b455-72a20f3a477c,4ce1976c-452a-48fd-99bb-bd30450b8d47
811eca80-f799-4b8e-ba74-e8ac7acde7c8,96905279-6030-4d74-8e05-af1f3e4ea26d,3af74037-a4b4-4cef-9102-1ebacdeeb782
3f5364b3-2861-484c-a5ec-f9b26e8a9156,fa088d56-3676-4a76-a26f-26d315edfe20,df8f8c7c-60b7-4e4e-bb26-48e2ed7d02a3
305bc66c-d78f-47df-9c74-e3468f9f2cae,10a613fe-7902-4571-9741-5188d7075797,e46b3e91-35f9-4a5e-b19d-6decfb340fb6
1efe66fe-e87c-4c1d-99f3-2a452e7be360,411201dc-43b2-48a7-9af8-342d3cd4aa04,5c6041b7-819c-4e7b-a690-bc3f2fa6fdc5
df2158e5-70c8-44ac-984a-e9ff742d65fb,2720fd48-e6a3-4a10-aa84-6de7341cec8e,75779891-b35f-4437-9ac8-9255cd5bf1f4
18c4d025-d408-4e89-8745-bcb1c68727cd,62f64c37-cd89-45c3-be80-4c6845f1c246,3262fa29-1a87-40ae-b020-3e67ae7662f9
e5c2d5de-4ea0-4637-8dc3-7cfbdeee592b,863edb51-77c6-44a0-b1d3-7ab745cdd93b,c54bf593-64d8-4965-86c9-9efd1400ee78
f2b33392-7f6f-42e4-bdac-6769e1d3c4f7,ba39155d-f770-41bb-9453-6f63947d7af4,eafb5206-2aa7-432f-9e33-5de537d5d48d
3936a35a-3661-4230-874c-c1c31000e5bc,ba39155d-f770-41bb-9453-6f63947d7af4,6e39482c-16c2-414e-94f0-67f2797681c1
1b80fed5-3d49-4697-8d03-e0d583a1774d,c6f6e497-67e5-4a35-83a1-d1d520859a54,a8336e6b-3d05-4d0c-a673-5e14c3645598
7754c8be-e1cf-461b-b17f-df4be595a64c,9a622d2f-b826-4715-92b8-45f61dc18bac,a0ab1206-644a-483c-9e70-953fd41be893
8f49ef00-4bc0-438b-8219-7a5a3d03f084,3573baee-80ab-458c-8569-5917a17f5efd,00a83a4a-deb9-464c-9ad1-afcdca4591d1
1d92f1f1-df19-433c-8132-48df19c583bd,6ab814cf-e5f9-4f9a-97fd-51808149b76e,98892885-05c2-4a29-a8b7-85ff40aef159
76b119da-084a-4866-a91e-2906b1bd121d,f8aec61c-989b-40c4-bd5f-cb60a2e17947,68aac231-0006-4e02-bdec-6f6019b46d3a
3d4d466c-169f-4b8a-9b62-fe8668f6b311,70880d51-b8b6-41dc-8fb3-a747d0b53c3a,54166f94-5444-4c82-bb91-0e96a9ecee68
c4bad208-55a8-40ef-88ca-02f16b60a315,3b0e5b78-d192-4091-8e9c-d7a0b8fdaf25,c791e7e4-72b2-4832-b887-df036cdbc356
7b30cfd8-69a7-4d98-a9bb-e054eadfd663,7ba42470-d676-4d8f-8213-c56eaee884a4,54166f94-5444-4c82-bb91-0e96a9ecee68
c0687201-86ad-404f-a211-a32a56638234,af053f2d-c8ac-443f-aaac-fba5d0e3035a,54166f94-5444-4c82-bb91-0e96a9ecee68
72044455-dc5e-4067-a582-dac19520d977,9eae595e-628b-439f-8b5a-3a5c371bfa07,d0aa913b-0591-4961-8be8-9e26f7e972e6
e8b0197a-6360-4e96-8210-1b8c70e2c4b3,9eae595e-628b-439f-8b5a-3a5c371bfa07,d0aa913b-0591-4961-8be8-9e26f7e972e6
ba72f0ca-c56e-412e-8592-e13ec175091d,923f98e6-55e6-421c-b7a7-bc1187681b08,fe802660-7c4b-481f-9db3-fa5d9a3e8475
d6d92605-0af4-474e-aadd-6b11636164c0,1139d412-f4f9-44aa-8e01-ffe60006a31f,3f62b70a-55c1-4e29-b8ff-81cf4b5624f7
f7f5187b-7eaf-499d-b573-907c2bbd831f,117ce14f-e133-49a0-950d-db4de05e7127,8c2cf2be-264b-425e-aea5-828cf965e39e
44d0ceed-ce44-46ba-8fda-3d2027285dca,aa745376-24ac-4b39-87bf-c1311b824d52,21d629e4-9f63-4561-9bb5-029e8876181c
e1c4d3b3-5528-4b47-9b57-40c5e18101f8,022167a8-b0cc-483e-a60f-17cbf861752d,4570a05a-4f71-4299-aa61-53ed83a0cc56
5de6852a-9cb6-4aae-bb43-81613342010e,0f36a102-f54f-4ac9-917c-ea603226b425,3c684fa6-20dc-4c9b-bcf2-2c5e49daf51d
b5468d70-2ccd-4b72-be5e-37c66616e1eb,259af86f-4b79-4151-ae91-364cbdf1a0b8,77a6d864-e5c8-485d-9a4b-6676bce228b7
dd0aeb17-b34e-43dd-8c60-bedd40ec5367,259af86f-4b79-4151-ae91-364cbdf1a0b8,77a6d864-e5c8-485d-9a4b-6676bce228b7
305fb4ae-25f4-4a8e-bbd0-8f1cff1d93fd,259af86f-4b79-4151-ae91-364cbdf1a0b8,77a6d864-e5c8-485d-9a4b-6676bce228b7
8e8bf56e-cbb7-46d6-9f46-5908201501eb,5a3481da-0068-4035-88cc-b84f30c68316,2155ffac-98ce-4dc5-9979-bb22f0e592cc
dae7a73d-35c1-49aa-9053-5bdd9c5e3161,5a764619-bb63-4c88-b3c2-343af3e62893,afcaa383-f85f-4ca4-98f6-f8284495e8db
343cf70e-a91d-41eb-bb72-694656f2a308,5a764619-bb63-4c88-b3c2-343af3e62893,afcaa383-f85f-4ca4-98f6-f8284495e8db
7b151216-e1a1-4b5d-85a0-673d92121671,3b778a29-a54a-4dc9-b06b-c30e447d5dba,41bd7908-3c12-45fb-a678-0bd4b613a288
8ccc5709-e067-4313-8932-e03c8bfc4151,535fab3d-27b3-4001-9674-2fd502a1210e,22842c2d-ca3e-434a-b06d-92d3328cca84
a2bfaced-8e85-4b99-a0d4-86b0a6b43eff,4903b567-7b28-4289-9db3-e12be18ddff2,2aea371e-a20b-4f6c-b743-04971881f55f
4b9beb05-828e-47c9-a77c-c9d3059e01d2,5a3481da-0068-4035-88cc-b84f30c68316,6d391252-03db-488e-88a5-01df1ad379da
28d69048-3baa-4e17-977a-24e2fed28473,4903b567-7b28-4289-9db3-e12be18ddff2,2aea371e-a20b-4f6c-b743-04971881f55f
3cc920fa-ee0a-4d99-a0df-3724cb36850a,3721ad61-b16b-4c1b-b39b-cf87c2049501,086a5bc3-ad11-43f5-a3d9-b0d76c643260
fd99a0c3-8666-4e16-b388-b1030c1f7444,d48baac4-c283-4750-983f-072a7f03ebe2,2670e990-3972-4a4c-aca8-a165da9e1a7f
34b6f1f9-f5ea-4b70-9688-de528e8c1b31,06f8a8f0-9518-4840-865a-bcc1c2b2f5d1,68e2bcf6-67a0-4bfd-81f9-88e2b131f82b
83c87176-865c-407d-9a44-33c834a047ea,06f8a8f0-9518-4840-865a-bcc1c2b2f5d1,68e2bcf6-67a0-4bfd-81f9-88e2b131f82b
c41534ba-f917-42a8-b64b-47c500391901,06f8a8f0-9518-4840-865a-bcc1c2b2f5d1,68e2bcf6-67a0-4bfd-81f9-88e2b131f82b
a2ee4a01-4a09-4696-bfc6-31c1f0ae8bee,f8086ad2-d08a-408e-9e5e-1da1faad1f47,43bf25f0-2273-4b38-b1e1-8afa56b1faf5
f8332ffc-37be-4f10-b6f6-c8fbc4381d4e,f8086ad2-d08a-408e-9e5e-1da1faad1f47,43bf25f0-2273-4b38-b1e1-8afa56b1faf5
db17eb9f-43b0-4a12-a6a1-9053dfa029a5,f8086ad2-d08a-408e-9e5e-1da1faad1f47,43bf25f0-2273-4b38-b1e1-8afa56b1faf5
78afd3d8-6cc1-4c9c-92f8-b56008e23e6b,1eef1682-401d-4bae-90ee-c7bc7633151d,c11f8c0f-e716-4a3a-b702-a35ab7b99c21
29ca9a87-c52e-46ca-a3ea-d9c5fb545148,3a218500-03b5-4a1f-bed7-6e8f5eac95d5,f9f01318-e761-4050-a0db-44cb796f0d93
2d666ecc-5fae-494f-b49f-3598b630d5e0,8a84baba-a77a-46f3-a5d6-e7f3a05a5899,eaf11d56-808f-4e11-9bdd-147c1f3184d1
b23bc819-ebc0-49ee-81e5-54fe17e7873e,bd1fe026-9c8e-4790-a0d9-e87dd5e2fbe6,a62a2ff2-bfb4-4a7b-ab7f-94b2e4175e01
53b9c90a-a718-46d3-b9c0-1b68c87ef7dc,49aabf3f-2ce0-4adb-b34a-76f7360ef15f,e68b3dcc-93a8-45fc-9a7e-39feb6772459
1a03147c-13d1-45ab-9a42-1df526d24683,1355b89c-4555-491c-bcf1-66bc348194c5,8647a257-db4d-44ab-a8d3-88484dcf2afb
5ef6cd21-6be1-4230-91cf-247b49f3ba49,e65870fe-a8ab-42b4-8fa0-10b4b3012692,495d5b27-af2d-4e3f-8486-cc458639b3b4
952f3497-0bac-4845-8b2b-185a8a199bfe,f5266507-ee8d-4da7-b7a4-5270c0a25e9d,438db983-2e7d-4e47-a7cd-c59b506bcc0c
9e71f42c-ef3b-46b8-b574-dc2f1d8149d4,9ba99871-a6b7-4ced-84fc-9c44cb79ec72,9b3fffe6-b787-46f4-bb76-81332675ec20
0fddec0a-946a-46c2-a048-d121978bfdcc,14d02fcb-a9b6-4957-8f20-123349d85131,ac1ae6ab-f8b4-48fb-b679-0ba44a8f04f5
59112eb9-7ab4-4a8e-b7cb-fcaf7dbda83f,89a1e4f4-ebbc-4673-bb76-da5b73dbdcd8,3b5fe546-3764-40c5-b477-cc84d9977fea
76b95c8d-6dfa-446c-bb94-a183da561ede,fa2adb5d-481a-4430-b642-7d2bcc428b41,707571d7-566f-4628-a874-8d8ce28be344
2d49d7d9-c7ff-42ab-a6b5-ebb2b86c129c,3b5fe546-3764-40c5-b477-cc84d9977fea,98892885-05c2-4a29-a8b7-85ff40aef159
9da5c47f-0c78-4d3d-b413-033a67dbc19e,438db983-2e7d-4e47-a7cd-c59b506bcc0c,cece8d89-19e9-4423-a8fd-b996210e749f
f0a2da7c-5e3d-49d9-98ad-7a6adbd7995b,05ef1c40-30cf-4890-abc0-cd213e74d159,707571d7-566f-4628-a874-8d8ce28be344
aaf6fdf8-7077-4962-aeb7-dbfe64f8db98,fa2adb5d-481a-4430-b642-7d2bcc428b41,9b3fffe6-b787-46f4-bb76-81332675ec20
916eaa2b-c5b2-4002-8fa9-78fe0adf1b31,6286b9d5-d57b-4bd9-80d6-f34c47323470,2c2b9440-2e6b-4c7f-9168-2ad2f8db030c
a444fe05-e164-4552-a406-6a4c531d5d36,9863b09a-f9e5-49d8-93a5-588596d101b3,a06573f3-740a-436d-a4cd-4786abe757e3
f9cf1160-5ab6-4426-a31f-76d8b368b32c,b65e6508-3053-4e6c-ad0f-55b78cffeced,20e89da7-9365-43a6-a5a8-66bff7768b2b
03b4d982-dcd9-41e2-811d-4565eef70576,d8b1af1e-ee3a-45a7-8f79-819fda1650a6,2b447b31-2b0e-4606-846c-2d76d449b9a5
6e7c6eec-311c-4e18-a129-98ffda875927,6f67a9da-0066-4ff7-b8ad-bb868938da68,a64ac3d2-7cab-4bf6-a023-eab154c03a28
c183d7a7-f487-407c-b66b-04897de847ad,b4b10382-e0db-413b-8fa3-3ed10bd92ec1,3b3b1a10-b221-4875-8b93-63fc24d5054f
d21c345e-3912-42d1-8d64-95fc9814db90,56e2b483-eabe-4a0d-bb9c-8a11f8b54d75,843d0587-6f45-4491-99ce-1a40d33add2e
ee7ed78f-65a4-471e-8e3b-890629bd6b65,acfe1790-ed71-4b59-9237-7ddb1e4c0973,bc861ea4-de56-49af-94a9-4d87d1e56914
10bb4905-d9f9-46ff-8120-ff634165483e,abb15a02-5caf-40ab-9f29-e0b802b52836,60a2b547-5c89-492c-950b-0502df755d42
8e20bcaa-9c9a-470e-b96f-1d06a2f4701b,1485e034-8c4d-4713-a936-2f830a9d7f72,787d0de6-1462-4e29-bdd1-2ea83a260d7a
f05ee29d-5efe-4fe6-b5a8-d2c501956d0e,1485e034-8c4d-4713-a936-2f830a9d7f72,787d0de6-1462-4e29-bdd1-2ea83a260d7a
7c1312d8-8be4-4af5-a300-f5427ed182ec,787d0de6-1462-4e29-bdd1-2ea83a260d7a,1485e034-8c4d-4713-a936-2f830a9d7f72
c3a7507c-2a03-41e8-bbd2-7af938c1bba9,b994823f-6562-43d6-ab4b-9ff1185e245e,bb7434a5-6987-4082-95cc-4720eeb9acfb
9b9ea9f8-5030-4611-b038-702fb1701335,dcb0436c-dac9-4e20-abcf-881b18744782,83c12511-282a-47af-994e-e6388ffe9821
d7b0f064-03b5-413c-8f53-1a839e77a7be,26a1f0d0-9bcf-4adb-afa8-875db640cfdb,38c70a37-3a0f-48a5-92f0-c6789b237f76
7f157d8b-9270-4766-8c6e-7ec90570a7e6,5bb34ab6-4573-4ac1-afab-1cae1b135742,88888907-fd47-4d79-b5f1-8adc2ce1a4c5
9d17f76a-519d-47d7-8f02-7cbe3af36998,067d6bbe-1ad7-4232-b83a-ba8b9052ff61,d7448c63-0760-48c4-86ac-57d232b756d7
29d38c07-70fb-40c9-ae90-41c4187e49db,9fee9018-d525-4882-932b-db7d1f0d5153,6808bfcd-2482-462c-b826-224615d944ca
27cd65f0-1a44-4927-93c0-a0e10e642c76,721d25e2-4392-4c9a-8959-8beaf9dacb0c,603f1c2a-eddf-4da2-b58a-9bfef08ec1f3
de58165a-cd1e-4685-92b3-86c53782d3f2,426fa3c7-84c1-4955-b2f5-37f2c56f43d4,da9ec085-62fc-4156-b03f-fcab68f4bcb2
04587bcc-717b-425d-8192-907c06be499e,20c1bdee-e068-49b5-86f0-8e6ca4ddc2ee,5e1e9174-a8ff-4af0-85ac-ccd71ee4797c
9149332b-4181-431f-8517-cdf52c7b5963,7d1230e0-17d1-4963-9ac3-b6dc19714f4b,28c776e1-2555-487f-b035-038d00cea33f
19fffe90-72b8-438b-b812-d2aedfbee5e8,9c1ef2e8-e7c1-4009-b73b-4a44f1130484,6d356f6e-4b55-4e21-8ff0-4b6e9b23fbd0
e14f2d41-fd06-402e-8837-21b60c28da88,2a5b74cd-1c0a-4c36-a378-5af15ee030eb,6164cbb3-0a16-4784-b97b-3415041f3e71
1253c544-a24d-48bf-a140-16027492022f,67b24555-2f3c-4fc4-8ce8-fceb746c9dcc,719b8e3d-517f-4da9-919d-14ec5acad6e1
c9a2656e-7ec1-4c1f-b851-c00c35347afc,067d6bbe-1ad7-4232-b83a-ba8b9052ff61,ab720302-f363-4517-a0ef-e1a85bce8f7e
13064462-ce9f-4a87-bc97-f5b4da344c1d,8edb2261-ad10-4782-9b3d-ff05b7fd0c24,3d15ec21-b998-457a-ba9e-2bfa9f3226bf
af4a1b7b-f6d7-463b-bdcf-2ab96a9f51d9,bc1206f5-8122-448b-991d-391a16213363,b6fe3da6-8376-4e19-b7e1-1c546db11734
956a6d82-5941-4e68-b208-d2aefe78d0b1,f215390e-8ab2-4d94-9ea0-45617fd66d05,fbfa1878-4810-4034-9c59-2f41e3055909
c339d4bb-a764-4511-9472-46b3db0e2281,d2e4c4c0-8b67-436a-b5a6-2a199d2fb7c4,c1244e49-5cda-46d4-bc52-4c95dbe06c08
890f28ae-db3b-4ae7-882e-94a816bcd78c,d1161658-e904-4eba-a995-adb8659b3a2b,7005e442-5495-436b-8cf4-567e0418d956
58e4ed23-70a8-40f7-aa96-f4ba149e869a,ba1e3f55-299b-4312-ad48-fc6b6608fb55,f0cf978c-d660-41e0-bac2-51504f7d3d5e
e54ffa5b-0f7a-4fe1-81dc-21d8bec564a7,8680fcbc-2cb2-45dd-be58-6d22dbfc59dc,729cf053-3913-4d31-bea3-5718230de100
c18047b2-13eb-42b8-8afd-0434fc9f3a5f,9bd647f9-008a-43c2-804a-a8fcaf27cb13,b6358f11-be7f-4f78-a330-da735928566c
13473990-1c3c-4153-b559-0c7bc25a1484,8ac5d04b-d02a-4e64-acae-7105c53fb2f6,863d05c6-9de6-453c-b94b-e39f7afbb853
12490c65-3455-4558-a79e-9eb0e10c8cee,bca3356d-388c-47ed-b08f-69705c9d1289,4ccff3ac-b62b-4bae-87d6-d46220fec7fa
60613fe0-8532-484a-9d20-0af48924ad56,55c4b085-dd17-4062-b43a-e18a24598db4,41c1790d-e50d-4e5f-ae6b-6829a3d43234
c9239533-6963-4969-95df-e716f94f6f95,44c4dbff-e588-49be-9043-67aca9c70d44,d9e3a363-1a6e-4a22-bd84-abe2b8160e5b
3125b675-90b8-4e4f-9169-3e3acbc58554,21f0b877-3c6b-48c6-a6d2-afa2359cb050,37a4ef64-5256-437f-9ca4-eea7a8533fd6
2749901e-d51a-4a59-8115-43d927973f5b,c85c201b-332a-48f1-a796-99c453c707ac,1633a52e-3ce2-40b6-9c54-5c0887dddb1f
033e267e-4345-4c2c-9978-130a683fea47,32ae18af-3b80-4ace-934c-2a4c1deaf786,5821a1f9-51cd-431d-a25d-017f18673bd6
0e88fcb9-20e2-456f-8917-9ae452971c9f,ca42cf7e-8d19-4f76-a761-a0b073249113,c155c1a8-c268-43d3-b158-e7015b6947bc
f725586e-c2d2-4565-8e59-5a871d3e52cc,bc55e693-c33e-425e-b486-c051bc7b3dfc,18999aec-8f16-4e69-9b02-4846db72f85f
e4c1e020-3655-40f2-bb87-312aa829dba9,d273a8e3-f0a3-4833-a16e-f033f441745c,f253b4c1-9337-4403-9983-0543b703e367
0e56749d-3d4b-44c3-b7eb-6ea83a9984d3,665ee005-68c2-467c-b5bd-0389e27e35ec,4b5513de-68ed-4e50-b51a-9334f3b99fc5
e5421ade-7710-4a28-9922-cd9c2d39f086,64e13342-96d1-471e-b921-3fb016fd4c09,96f65a32-5d51-462b-bd57-9c7a7de6cefa
5f59d5a4-f9e7-4db7-bd95-9a2fc9feb202,c11f8c0f-e716-4a3a-b702-a35ab7b99c21,65086553-6fa9-4bcf-9cf2-472a0e7e3ddf
f0e87a6a-e943-4d1e-b2d4-dc3ac6c0d5cc,79b00087-8180-43a4-b01a-7bd64082ad45,cb843012-b8b5-47dc-a5ad-270f21f11b98
4e2edabe-6095-42aa-827b-1918c04799e2,6a96b7de-732a-4887-8f3b-feae6e0732d0,824a96ee-51cd-4987-8f08-060ec67f5f7d
b43bf84b-f1da-4485-b371-242477023d2e,fc0da199-4b9d-4463-81ba-af153b9316b3,4941fe61-1626-4a30-a415-b511785d61fc
c0caeca3-d1cf-4650-8867-2fc7eecabe57,04af25dc-78df-485a-acd3-5640f7faee5f,daad89bf-b7c2-4b19-beb1-891e596b4bef
d93d0dd5-f927-424a-a56d-83b40225b47b,ac21403e-1bf2-427b-8a17-cdee2f5f606a,15c6e324-b7d4-454e-a069-b2e3bc392a15
